{
  "pp": {
    "r": 50,
    "q": 5,
    "rho": 0.0004038766642048868,
    "mu_lambda": 0.9991674439071454
  },
  "pc": {
    "lambda_reg": 0.0006410075724867431,
    "alpha": 0.0794579950999515,
    "beta": 0.000835409092989987,
    "gamma": 0.9515103736924946,
    "P": 0,
    "C": 5
  },
  "co": {
    "beta_co": 0.013553408578532425
  },
  "sgd": {
    "beta_sgd": 0.0003758102909557062
  },
  "pg": {
    "lambda_reg": 0.0002341560350165154,
    "step_scale": 0.0426105368079527,
    "step_size": null,
    "use_fista": true,
    "use_backtracking": false,
    "max_iter": 500,
    "tol": 0.0001
  }
}