{
  "pp": {
    "r": 50,
    "q": 5,
    "rho": 6.532215770893988e-06,
    "mu_lambda": 0.8288774126612185
  },
  "pc": {
    "lambda_reg": 3.032355929412151e-05,
    "alpha": 0.07210427654830562,
    "beta": 0.018577855958029958,
    "gamma": 0.8810306109808445,
    "P": 2,
    "C": 5
  },
  "co": {
    "beta_co": 4.048497051145265e-05
  },
  "sgd": {
    "beta_sgd": 4.484845709236633e-06
  },
  "pg": {
    "lambda_reg": 0.001,
    "step_scale": 1.0,
    "step_size": null,
    "use_fista": true,
    "use_backtracking": false,
    "max_iter": 500,
    "tol": 0.0001
  }
}