{
  "pp": {
    "r": 50,
    "q": 5,
    "rho": 5.6713294322261974e-05,
    "mu_lambda": 0.00048725173800394877
  },
  "pc": {
    "lambda_reg": 0.00010202235179963847,
    "alpha": 0.027846564228500854,
    "beta": 0.0048921425510910594,
    "gamma": 0.8814869740468289,
    "P": 2,
    "C": 5
  },
  "co": {
    "beta_co": 0.0030462870255461667
  },
  "sgd": {
    "beta_sgd": 4.704698538033571e-05
  }
}