{
  "pp": {
    "r": 50,
    "q": 5,
    "rho": 1.431766439831911e-06,
    "mu_lambda": 0.6004476956116094,
    "lambda_S": 2.5092436991594392e-05
  },
  "pc": {
    "lambda_reg": 0.0005354822799285993,
    "alpha": 1.7501797987915808,
    "beta": 0.004215286973497832,
    "gamma": 0.9669457958115153,
    "P": 1,
    "C": 1
  },
  "co": {
    "beta_co": 0.013766132978358386
  },
  "sgd": {
    "beta_sgd": 7.273690777405824e-05
  },
  "pg": {
    "lambda_reg": 0.001,
    "step_scale": 1.0,
    "step_size": null,
    "use_fista": true,
    "use_backtracking": false,
    "max_iter": 500,
    "tol": 0.0001
  }
}