{
  "pp": {
    "r": 50,
    "q": 5,
    "rho": 0.000665778091180229,
    "mu_lambda": 0.6597918662247544,
    "lambda_S": 0.0004960535740004633
  },
  "pc": {
    "lambda_reg": 0.0003155152366892377,
    "alpha": 0.14153997868601229,
    "beta": 2.234796212492726,
    "gamma": 0.8645561466828491,
    "P": 1,
    "C": 1
  },
  "co": {
    "beta_co": 2.9285711128876625e-05
  },
  "sgd": {
    "beta_sgd": 4.052320881136833
  },
  "pg": {
    "lambda_reg": 0.001,
    "step_scale": 1.0,
    "step_size": null,
    "use_fista": true,
    "use_backtracking": false,
    "max_iter": 500,
    "tol": 0.0001
  }
}