{
  "pp": {
    "r": 50,
    "q": 5,
    "rho": 0.0017300655468804583,
    "mu_lambda": 0.042026767448462156,
    "lambda_S": 9.931941596018947e-05
  },
  "pc": {
    "lambda_reg": 7.562071545519223e-05,
    "alpha": 1.0511906084277354,
    "beta": 0.0031280073052022085,
    "gamma": 0.9516390290157175,
    "P": 1,
    "C": 1
  },
  "co": {
    "beta_co": 6.476820061373457e-06
  },
  "sgd": {
    "beta_sgd": 0.677015040872483
  },
  "pg": {
    "lambda_reg": 0.001,
    "step_scale": 1.0,
    "step_size": null,
    "use_fista": true,
    "use_backtracking": false,
    "max_iter": 500,
    "tol": 0.0001
  }
}