{
  "pp": {
    "r": 50,
    "q": 5,
    "rho": 0.0020568969006678067,
    "mu_lambda": 0.06280360133856513,
    "lambda_S": 0.00013048970129895472
  },
  "pc": {
    "lambda_reg": 4.046818363432059e-05,
    "alpha": 0.8829149086587783,
    "beta": 0.0008803003677403028,
    "gamma": 0.9616947925175392,
    "P": 1,
    "C": 1
  },
  "co": {
    "beta_co": 0.044561454374722816
  },
  "sgd": {
    "beta_sgd": 0.07377404809287935
  },
  "pg": {
    "lambda_reg": 0.001,
    "step_scale": 1.0,
    "step_size": null,
    "use_fista": true,
    "use_backtracking": false,
    "max_iter": 500,
    "tol": 0.0001
  }
}