{
  "pp": {
    "r": 50,
    "q": 5,
    "rho": 5.015429433237939e-05,
    "mu_lambda": 0.9942999175461333,
    "lambda_S": 1.2374096530472858e-06
  },
  "pc": {
    "lambda_reg": 0.006451318548044273,
    "alpha": 1.6938529422437487,
    "beta": 0.00012074756242120027,
    "gamma": 0.9235065949070936,
    "P": 1,
    "C": 1
  },
  "co": {
    "beta_co": 5.111515670508817
  },
  "sgd": {
    "beta_sgd": 1.3158771116913464
  },
  "pg": {
    "lambda_reg": 0.001,
    "step_scale": 1.0,
    "step_size": null,
    "use_fista": true,
    "use_backtracking": false,
    "max_iter": 500,
    "tol": 0.0001
  }
}