{
  "pp": {
    "r": 50,
    "q": 5,
    "rho": 0.0018112091866477231,
    "mu_lambda": 0.7725580147652651,
    "lambda_S": 0.000546660155382547
  },
  "pc": {
    "lambda_reg": 6.809704369852533e-05,
    "alpha": 0.9502870263092493,
    "beta": 0.695316890314427,
    "gamma": 0.9743233555240517,
    "P": 1,
    "C": 1
  },
  "co": {
    "beta_co": 0.8871868512906878
  },
  "sgd": {
    "beta_sgd": 3.5362372733237173
  },
  "pg": {
    "lambda_reg": 0.001,
    "step_scale": 1.0,
    "step_size": null,
    "use_fista": true,
    "use_backtracking": false,
    "max_iter": 500,
    "tol": 0.0001
  }
}