{
  "pp": {
    "r": 50,
    "q": 5,
    "rho": 1.3342944985179196e-05,
    "mu_lambda": 0.8245774722039119
  },
  "pc": {
    "lambda_reg": 3.912590926438488e-05,
    "alpha": 1.2106160360990295,
    "beta": 1.0019219966287393e-06,
    "gamma": 0.8871785669787341,
    "P": 1,
    "C": 1
  },
  "co": {
    "beta_co": 0.06744909328057251
  },
  "sgd": {
    "beta_sgd": 0.00033392657929790334
  },
  "pg": {
    "lambda_reg": 0.001,
    "step_scale": 1.0,
    "step_size": null,
    "use_fista": true,
    "use_backtracking": false,
    "max_iter": 500,
    "tol": 0.0001
  },
  "offline_lambda_l1": 0.0001014457711690573
}