{
  "offline_lambda_l1": 0.00011645142505747864,
  "pp": {
    "r": 50,
    "q": 5,
    "rho": 2.0692899106776984e-05,
    "mu_lambda": 0.6968139186292772,
    "lambda_S": 0.003119693847539628
  },
  "pc": {
    "lambda_reg": 0.0002105428757754184,
    "alpha": 1.8703197942695655,
    "beta": 0.00021324944598134896,
    "gamma": 0.8897162163001715,
    "P": 1,
    "C": 1
  },
  "co": {
    "beta_co": 5.877719723611667
  },
  "sgd": {
    "beta_sgd": 5.877719723611667
  }
}