{
  "created_at": "2025-12-02T14:14:39.794673",
  "command": [
    "/Users/fmjp/Desktop/lab/simu/tvgti_sem_exog_sparse/code/run_piecewise.py",
    "--hyperparam_json",
    "result/251202/exog_sparse_tuning/piecewise_best_hyperparams_20251202_141438.json"
  ],
  "config": {
    "num_trials": 2,
    "seed_base": 3,
    "trial_seeds": [
      3,
      4
    ],
    "N": 5,
    "T": 50,
    "sparsity": 0.5,
    "max_weight": 0.5,
    "std_e": 0.05,
    "K": 2
  },
  "metric": {
    "error_normalization": "true_value",
    "offline_lambda_l1": null
  },
  "methods": {
    "pp": {
      "enabled": true,
      "hyperparams": {
        "r": 50,
        "q": 5,
        "rho": 0.008601886654989139,
        "mu_lambda": 0.13635972527706908
      }
    },
    "pc": {
      "enabled": false,
      "hyperparams": {
        "lambda_reg": 0.001,
        "alpha": 0.01,
        "beta": 0.01,
        "gamma": 0.9,
        "P": 1,
        "C": 1
      }
    },
    "co": {
      "enabled": false,
      "hyperparams": {
        "lambda_reg": 0.001,
        "alpha": 0.01,
        "beta_co": 0.02,
        "gamma": 0.9,
        "C": 1
      }
    },
    "sgd": {
      "enabled": false,
      "hyperparams": {
        "lambda_reg": 0.001,
        "alpha": 0.01,
        "beta_sgd": 0.0269,
        "C": 1
      }
    },
    "pg": {
      "enabled": false,
      "hyperparams": {
        "lambda_reg": 0.001,
        "step_scale": 1.0,
        "step_size": null,
        "use_fista": true,
        "use_backtracking": false,
        "max_iter": 500,
        "tol": 0.0001
      }
    }
  },
  "generator": {
    "function": "code.data_gen.generate_piecewise_X_with_exog",
    "kwargs": {
      "s_type": "random",
      "t_min": 0.5,
      "t_max": 1.0,
      "z_dist": "uniform01"
    }
  },
  "results": {
    "figure": "piecewise_K=2_N=5_T=50_maxweight=0.5_mulambda=0.13635972527706908_num_trials=2_q=5_r=50_rho=0.008601886654989139_seed=3_stde=0.05.png",
    "figure_path": "result/251202/exog_sparse_piecewise/images/piecewise_K=2_N=5_T=50_maxweight=0.5_mulambda=0.13635972527706908_num_trials=2_q=5_r=50_rho=0.008601886654989139_seed=3_stde=0.05.png",
    "metrics": {
      "pp": [
        0.9872274355429065,
        0.9729532678051066,
        0.9592968343458528,
        0.9463510118467401,
        0.9339422101640459,
        0.9219237006093248,
        0.9103383823786715,
        0.8990291794478346,
        0.8880558655331927,
        0.8773446801689035,
        0.8667582034641216,
        0.8563643681650637,
        0.8462016491954416,
        0.8364099817029718,
        0.8270640059871044,
        0.8182865034005631,
        0.8101376262998705,
        0.8027533551767574,
        0.7961208952404764,
        0.7901928010697672,
        0.7848751278716422,
        0.7799897946157535,
        0.7754007492966335,
        0.7710298769324415,
        0.7668543674541615,
        1.2575664269606854,
        1.2710941714273412,
        1.2862915281285816,
        1.302946251662169,
        1.3206301422958031,
        1.3341154995808764,
        1.324932178469957,
        1.278200239748597,
        1.2351951256449736,
        1.1924533623237754,
        1.1571731428302217,
        1.1253273009256273,
        1.1004469735581255,
        1.079228489226028,
        1.0643850925005525,
        1.0539721690258832,
        1.048079510032335,
        1.0446373865770546,
        1.043109842767096,
        1.0440049114724266,
        1.0462000863471859,
        1.0492220278431037,
        1.053885365831464,
        1.0599686093429466,
        1.06652427937265
      ],
      "pc": null,
      "co": null,
      "sgd": null,
      "pg": null
    }
  },
  "snapshots": {
    "run_piecewise": "result/251202/exog_sparse_piecewise/images/scripts/run_piecewise.py",
    "config": "result/251202/exog_sparse_piecewise/images/scripts/config.py",
    "data_gen": "result/251202/exog_sparse_piecewise/images/scripts/data_gen.py",
    "hyperparams_json": "result/251202/exog_sparse_piecewise/images/scripts/piecewise_best_hyperparams_20251202_141438.json"
  },
  "hyperparam_json": "result/251202/exog_sparse_tuning/piecewise_best_hyperparams_20251202_141438.json",
  "result_dir": "result/251202/exog_sparse_piecewise/images"
}