{
  "created_at": "2025-12-02T13:08:20.165031",
  "command": [
    "/Users/fmjp/Desktop/lab/simu/tvgti_sem_exog_sparse/code/run_piecewise.py",
    "--hyperparam_json",
    "result/251202/exog_sparse_tuning/piecewise_best_hyperparams_20251202_130808.json"
  ],
  "config": {
    "num_trials": 100,
    "seed_base": 3,
    "trial_seeds": [
      3,
      4,
      5,
      6,
      7,
      8,
      9,
      10,
      11,
      12,
      13,
      14,
      15,
      16,
      17,
      18,
      19,
      20,
      21,
      22,
      23,
      24,
      25,
      26,
      27,
      28,
      29,
      30,
      31,
      32,
      33,
      34,
      35,
      36,
      37,
      38,
      39,
      40,
      41,
      42,
      43,
      44,
      45,
      46,
      47,
      48,
      49,
      50,
      51,
      52,
      53,
      54,
      55,
      56,
      57,
      58,
      59,
      60,
      61,
      62,
      63,
      64,
      65,
      66,
      67,
      68,
      69,
      70,
      71,
      72,
      73,
      74,
      75,
      76,
      77,
      78,
      79,
      80,
      81,
      82,
      83,
      84,
      85,
      86,
      87,
      88,
      89,
      90,
      91,
      92,
      93,
      94,
      95,
      96,
      97,
      98,
      99,
      100,
      101,
      102
    ],
    "N": 30,
    "T": 100,
    "sparsity": 0.7,
    "max_weight": 0.5,
    "std_e": 0.05,
    "K": 4
  },
  "methods": {
    "pp": {
      "enabled": false,
      "hyperparams": {
        "r": 50,
        "q": 5,
        "rho": 0.001,
        "mu_lambda": 0.05
      }
    },
    "pc": {
      "enabled": true,
      "hyperparams": {
        "lambda_reg": 2.133142854550957e-05,
        "alpha": 0.02840136525198365,
        "beta": 0.0005665861166471819,
        "gamma": 0.9749381185223974,
        "P": 0,
        "C": 1
      }
    },
    "co": {
      "enabled": true,
      "hyperparams": {
        "lambda_reg": 2.133142854550957e-05,
        "alpha": 0.02840136525198365,
        "beta_co": 1.4611565807378781e-05,
        "gamma": 0.9749381185223974,
        "C": 1
      }
    },
    "sgd": {
      "enabled": true,
      "hyperparams": {
        "lambda_reg": 2.133142854550957e-05,
        "alpha": 0.02840136525198365,
        "beta_sgd": 0.00012921591861399392,
        "C": 1
      }
    },
    "pg": {
      "enabled": false,
      "hyperparams": {
        "lambda_reg": 0.001,
        "step_scale": 1.0,
        "step_size": null,
        "use_fista": true,
        "use_backtracking": false,
        "max_iter": 500,
        "tol": 0.0001
      }
    }
  },
  "generator": {
    "function": "code.data_gen.generate_piecewise_X_with_exog",
    "kwargs": {
      "s_type": "random",
      "t_min": 0.5,
      "t_max": 1.0,
      "z_dist": "uniform01"
    }
  },
  "results": {
    "figure": "piecewise_K=4_N=30_T=100_maxweight=0.5_mulambda=0.05_num_trials=100_q=5_r=50_rho=0.001_seed=3_stde=0.05.png",
    "figure_path": "result/251202/exog_sparse_piecewise/images/piecewise_K=4_N=30_T=100_maxweight=0.5_mulambda=0.05_num_trials=100_q=5_r=50_rho=0.001_seed=3_stde=0.05.png",
    "metrics": {
      "pp": null,
      "pc": [
        0.9991766115912604,
        0.9978170158889221,
        0.9961516334416122,
        0.9943144331742857,
        0.9924751508159975,
        0.9906519945260424,
        0.9888601532495902,
        0.9871080546883129,
        0.9854061613486226,
        0.9837680413804947,
        0.982188827401607,
        0.9806658690545553,
        0.9791883051125049,
        0.9777627536366257,
        0.9763876649346406,
        0.9750586855717924,
        0.9737740151188697,
        0.972529861157025,
        0.9713262976329812,
        0.9701577973593445,
        0.9690189771564008,
        0.9679188222620466,
        0.9668482603729506,
        0.9658099906576658,
        0.9647985856144318,
        1.0086668962519052,
        1.0087537920775924,
        1.0086881394684328,
        1.008483383811579,
        1.0081729680927778,
        1.0077683200123326,
        1.0072864131675283,
        1.0067365950834652,
        1.006129495199218,
        1.0054700922812898,
        1.0047728622020464,
        1.0040381183216343,
        1.003276800937853,
        1.002491129204819,
        1.0016860766938593,
        1.00086962133571,
        1.0000387876126178,
        0.9991960472777321,
        0.9983516683395589,
        0.9975045575256258,
        0.996655051802948,
        0.9958050574310103,
        0.9949593231317253,
        0.9941166421752058,
        0.9932807376302537,
        1.018304625833714,
        1.0184024375339733,
        1.018394127557248,
        1.018272861289663,
        1.0180694039162446,
        1.0177860238493046,
        1.0174377921391462,
        1.0170322228624304,
        1.0165698317662755,
        1.0160576305356959,
        1.0155081117655724,
        1.0149288169733297,
        1.0143182475694932,
        1.013679768909263,
        1.0130221559279884,
        1.0123464871326542,
        1.0116600059376502,
        1.0109614824460205,
        1.0102532736072798,
        1.009537374795321,
        1.008818117421104,
        1.0080962938243763,
        1.0073731174732155,
        1.0066498916481232,
        1.0059268276257942,
        1.0288186272574291,
        1.0290074012526162,
        1.029107657450204,
        1.029129246946315,
        1.0290833332930633,
        1.028977053399853,
        1.028806221857393,
        1.0285748477258345,
        1.0282938808245032,
        1.0279665245221863,
        1.0276016019079255,
        1.0272026962437435,
        1.0267743061608794,
        1.026311266260414,
        1.02582164855866,
        1.0253056010720671,
        1.0247653236256837,
        1.0241989109451999,
        1.0236165039331417,
        1.0230164698529136,
        1.0224011176870698,
        1.0217754800443337,
        1.021142438913115,
        1.0205045024543464,
        1.019860537143116
      ],