{
  "pp": {
    "r": 50,
    "q": 5,
    "rho": 7.144201427255504e-06,
    "mu_lambda": 0.720399632447392
  },
  "pc": {
    "lambda_reg": 0.007848363288155016,
    "alpha": 0.0004946633222663446,
    "beta": 0.03487165310238594,
    "gamma": 0.8848185845909895,
    "P": 2,
    "C": 5
  },
  "co": {
    "beta_co": 0.007083056555231991
  },
  "sgd": {
    "beta_sgd": 0.012206367783053071
  }
}