{
  "pp": {
    "r": 50,
    "q": 5,
    "rho": 0.0002222264869133577,
    "mu_lambda": 0.7710805193938617
  },
  "pc": {
    "lambda_reg": 3.038645663086945e-05,
    "alpha": 0.0008938092275047108,
    "beta": 0.0037384897806559186,
    "gamma": 0.9617520105362056,
    "P": 0,
    "C": 5
  },
  "co": {
    "beta_co": 0.00016702268785857786
  },
  "sgd": {
    "beta_sgd": 5.066515297626769e-05
  },
  "pg": {
    "lambda_reg": 0.005110951327867106,
    "step_scale": 1.752994998226511,
    "use_fista": false,
    "use_backtracking": false,
    "max_iter": 500,
    "tol": 0.0001
  }
}