{
  "pp": {
    "r": 50,
    "q": 5,
    "rho": 0.001,
    "mu_lambda": 0.05
  },
  "pc": {
    "lambda_reg": 0.001,
    "alpha": 0.01,
    "beta": 0.01,
    "gamma": 0.8929938786814735,
    "P": 1,
    "C": 5
  },
  "co": {
    "beta_co": 0.03134113529394227
  },
  "sgd": {
    "beta_sgd": 0.0269
  }
}