{
  "pp": {
    "r": 50,
    "q": 5,
    "rho": 0.001,
    "mu_lambda": 0.05
  },
  "pc": {
    "lambda_reg": 5.231237435676819e-05,
    "alpha": 0.09996937107099846,
    "beta": 0.0015396712205318285,
    "gamma": 0.8889850475073401,
    "P": 2,
    "C": 5
  },
  "co": {
    "beta_co": 0.02
  },
  "sgd": {
    "beta_sgd": 0.0269
  },
  "pg": {
    "lambda_reg": 0.001,
    "step_scale": 1.0,
    "use_fista": true,
    "use_backtracking": false,
    "max_iter": 500,
    "tol": 0.0001
  }
}