{
  "pp": {
    "r": 50,
    "q": 5,
    "rho": 0.0002354695625207165,
    "mu_lambda": 0.6926384482331893
  },
  "pc": {
    "lambda_reg": 0.006456448174302697,
    "alpha": 0.000521407810768104,
    "beta": 5.403830970912307e-06,
    "gamma": 0.9941773534448705,
    "P": 2,
    "C": 2
  },
  "co": {
    "beta_co": 0.004458831861987219
  },
  "sgd": {
    "beta_sgd": 0.0016458942700752508
  }
}