{
  "pp": {
    "r": 50,
    "q": 5,
    "rho": 0.035203185270058286,
    "mu_lambda": 0.6288483579472168
  },
  "pc": {
    "lambda_reg": 0.001,
    "alpha": 8.659113508029439e-06,
    "beta": 0.01,
    "gamma": 0.9077429239270072,
    "P": 1,
    "C": 2
  },
  "co": {
    "beta_co": 5.16941096600141e-06
  },
  "sgd": {
    "beta_sgd": 0.0269
  }
}