{
  "pp": {
    "r": 50,
    "q": 5,
    "rho": 0.001,
    "mu_lambda": 0.05
  },
  "pc": {
    "lambda_reg": 0.001,
    "alpha": 0.0007134877978832265,
    "beta": 0.01,
    "gamma": 0.9351826478502295,
    "P": 1,
    "C": 5
  },
  "co": {
    "beta_co": 0.021653119377727657
  },
  "sgd": {
    "beta_sgd": 0.0269
  }
}