{
  "pp": {
    "r": 50,
    "q": 5,
    "rho": 0.005776652510974186,
    "mu_lambda": 0.6854420262243148
  },
  "pc": {
    "lambda_reg": 0.001,
    "alpha": 0.01,
    "beta": 0.01,
    "gamma": 0.9,
    "P": 1,
    "C": 1
  },
  "co": {
    "beta_co": 0.02
  },
  "sgd": {
    "beta_sgd": 0.0269
  }
}