{
  "pp": {
    "r": 50,
    "q": 5,
    "rho": 0.0003680419881596475,
    "mu_lambda": 0.04453497180353192,
    "lambda_S": 2.736180274261977e-05
  },
  "pc": {
    "lambda_reg": 0.00020253618885627221,
    "alpha": 0.989425358759298,
    "beta": 0.05036326266651659,
    "gamma": 0.8943196036361899,
    "P": 1,
    "C": 1
  },
  "co": {
    "beta_co": 2.77675365114144e-05
  },
  "sgd": {
    "beta_sgd": 0.0009662826912352798
  },
  "pg": {
    "lambda_reg": 0.001,
    "step_scale": 1.0,
    "step_size": null,
    "use_fista": true,
    "use_backtracking": false,
    "max_iter": 500,
    "tol": 0.0001
  }
}