{
  "pp": {
    "r": 50,
    "q": 5,
    "rho": 0.03956111183628299,
    "mu_lambda": 0.9872907565269483
  },
  "pc": {
    "lambda_reg": 0.000499241975992296,
    "alpha": 0.8488512123212786,
    "beta": 1.1362892227578165,
    "gamma": 0.9569607041346038,
    "P": 1,
    "C": 1
  },
  "co": {
    "beta_co": 0.3372765945476046
  },
  "sgd": {
    "beta_sgd": 0.00023320932353491585
  },
  "pg": {
    "lambda_reg": 0.001,
    "step_scale": 1.0,
    "step_size": null,
    "use_fista": true,
    "use_backtracking": false,
    "max_iter": 500,
    "tol": 0.0001
  }
}