{
  "pp": {
    "r": 20,
    "q": 3,
    "rho": 0.04873350595481607,
    "mu_lambda": 0.19990754411906742,
    "lambda_S": 3.2755497386508754e-06
  },
  "pp_sgd": {
    "r": 1,
    "q": 1,
    "rho": 0.001,
    "mu_lambda": 0.05,
    "lambda_S": 0.01
  },
  "pc": {
    "lambda_reg": 0.001,
    "alpha": 0.01,
    "beta": 0.01,
    "gamma": 0.9,
    "P": 1,
    "C": 1
  },
  "co": {
    "beta_co": 0.02
  },
  "sgd": {
    "beta_sgd": 0.0269
  },
  "pg": {
    "lambda_reg": 0.001,
    "step_scale": 1.0,
    "step_size": null,
    "use_fista": true,
    "use_backtracking": false,
    "max_iter": 500,
    "tol": 0.0001
  },
  "offline_lambda_l1": 0.0005525085084833706
}