{
  "pp": {
    "r": 50,
    "q": 5,
    "rho": 0.016524080421441434,
    "mu_lambda": 0.5319298616673382
  },
  "pc": {
    "lambda_reg": 0.0002631326353272201,
    "alpha": 1.5796192998570855,
    "beta": 0.010501401000332587,
    "gamma": 0.9611425929306425,
    "P": 1,
    "C": 1
  },
  "co": {
    "beta_co": 0.0002632369466129987
  },
  "sgd": {
    "beta_sgd": 4.065754215980599e-05
  },
  "pg": {
    "lambda_reg": 0.001,
    "step_scale": 1.0,
    "step_size": null,
    "use_fista": true,
    "use_backtracking": false,
    "max_iter": 500,
    "tol": 0.0001
  },
  "offline_lambda_l1": 0.00011686213288815142
}