{
  "pp": {
    "r": 50,
    "q": 5,
    "rho": 1.0270481867837428e-06,
    "mu_lambda": 0.9953705325277687,
    "lambda_S": 0.00017951489113779634
  },
  "pc": {
    "lambda_reg": 8.599440563255985e-05,
    "alpha": 1.3721780296190007,
    "beta": 0.7011161348541778,
    "gamma": 0.8943635302145615,
    "P": 1,
    "C": 1
  },
  "co": {
    "beta_co": 0.0009071350701217136
  },
  "sgd": {
    "beta_sgd": 0.5519065585451498
  },
  "pg": {
    "lambda_reg": 0.001,
    "step_scale": 1.0,
    "step_size": null,
    "use_fista": true,
    "use_backtracking": false,
    "max_iter": 500,
    "tol": 0.0001
  }
}