{
  "pp": {
    "r": 50,
    "q": 5,
    "rho": 0.016808747104032056,
    "mu_lambda": 0.04745560295609449,
    "lambda_S": 0.00016853682909645235
  },
  "pc": {
    "lambda_reg": 0.0005666268203052853,
    "alpha": 1.3434677519087035,
    "beta": 0.008087059714793038,
    "gamma": 0.974985849986473,
    "P": 1,
    "C": 1
  },
  "co": {
    "beta_co": 0.0007944611329500085
  },
  "sgd": {
    "beta_sgd": 0.00016382119970972787
  },
  "pg": {
    "lambda_reg": 0.001,
    "step_scale": 1.0,
    "step_size": null,
    "use_fista": true,
    "use_backtracking": false,
    "max_iter": 500,
    "tol": 0.0001
  }
}