{
  "pp": {
    "r": 50,
    "q": 5,
    "rho": 9.603532383226484e-06,
    "mu_lambda": 0.5944078854036325,
    "lambda_S": 0.0005011628247701016
  },
  "pc": {
    "lambda_reg": 0.0002789065781336747,
    "alpha": 1.3152079918300292,
    "beta": 0.0014766645967396633,
    "gamma": 0.9068236642038412,
    "P": 1,
    "C": 1
  },
  "co": {
    "beta_co": 5.494015833736928e-05
  },
  "sgd": {
    "beta_sgd": 1.8256236915894464e-05
  },
  "pg": {
    "lambda_reg": 0.001,
    "step_scale": 1.0,
    "step_size": null,
    "use_fista": true,
    "use_backtracking": false,
    "max_iter": 500,
    "tol": 0.0001
  }
}