{
  "pp": {
    "r": 50,
    "q": 5,
    "rho": 0.028532382759563768,
    "mu_lambda": 0.667974138675708,
    "lambda_S": 4.01510812382523e-06
  },
  "pc": {
    "lambda_reg": 7.232999311560922e-05,
    "alpha": 1.1727296091172996,
    "beta": 0.011614143718940735,
    "gamma": 0.9532336015304348,
    "P": 1,
    "C": 1
  },
  "co": {
    "beta_co": 0.004450572246976564
  },
  "sgd": {
    "beta_sgd": 0.042677485283877804
  },
  "pg": {
    "lambda_reg": 0.001,
    "step_scale": 1.0,
    "step_size": null,
    "use_fista": true,
    "use_backtracking": false,
    "max_iter": 500,
    "tol": 0.0001
  }
}