{
  "pp": {
    "r": 50,
    "q": 5,
    "rho": 6.88227025990097e-05,
    "mu_lambda": 0.06661810887568685,
    "lambda_S": 6.888792666042432e-05
  },
  "pc": {
    "lambda_reg": 0.00016465642148526661,
    "alpha": 1.1296615643880419,
    "beta": 0.00020078727152835746,
    "gamma": 0.986112243021352,
    "P": 1,
    "C": 1
  },
  "co": {
    "beta_co": 1.1960228243304565
  },
  "sgd": {
    "beta_sgd": 1.6532954338840256e-06
  },
  "pg": {
    "lambda_reg": 0.001,
    "step_scale": 1.0,
    "step_size": null,
    "use_fista": true,
    "use_backtracking": false,
    "max_iter": 500,
    "tol": 0.0001
  }
}