{
  "pp": {
    "r": 600,
    "q": 20,
    "rho": 0.004400494296868914,
    "mu_lambda": 0.14386343503607227,
    "lambda_S": 9.558103531638434e-05
  },
  "pp_sgd": {
    "r": 1,
    "q": 1,
    "rho": 0.001,
    "mu_lambda": 0.05,
    "lambda_S": 0.01
  },
  "pc": {
    "lambda_reg": 6.809704369852533e-05,
    "alpha": 0.9502870263092493,
    "beta": 0.695316890314427,
    "gamma": 0.9743233555240517,
    "P": 1,
    "C": 1
  },
  "co": {
    "beta_co": 0.8871868512906878
  },
  "sgd": {
    "beta_sgd": 3.5362372733237173
  },
  "pg": {
    "lambda_reg": 0.001,
    "step_scale": 1.0,
    "step_size": null,
    "use_fista": true,
    "use_backtracking": false,
    "max_iter": 500,
    "tol": 0.0001
  }
}

