{
  "pp": {
    "r": 50,
    "q": 5,
    "rho": 0.005640233137212055,
    "mu_lambda": 0.7453177297327263
  },
  "pc": {
    "lambda_reg": 8.124917503867471e-05,
    "alpha": 1.2676635676016876,
    "beta": 9.28990026919968e-06,
    "gamma": 0.8747074799407664,
    "P": 1,
    "C": 1
  },
  "co": {
    "lambda_reg": 8.124917503867471e-05,
    "alpha": 1.2676635676016876,
    "beta_co": 7.177968947689424e-06,
    "gamma": 0.8747074799407664,
    "C": 1
  },
  "sgd": {
    "lambda_reg": 0.001,
    "alpha": 0.5821567209973917,
    "beta_sgd": 0.018941121106052894,
    "C": 1
  },
  "pg": {
    "lambda_reg": 0.001,
    "step_scale": 1.0,
    "use_fista": true,
    "use_backtracking": false,
    "max_iter": 500,
    "tol": 0.0001
  },
  "offline_lambda_l1": 0.00010174235876366247
}
