{
  "pp": {
    "r": 50,
    "q": 5,
    "rho": 0.010306457928748113,
    "mu_lambda": 0.614212922046279
  },
  "pc": {
    "lambda_reg": 0.001241345577068578,
    "alpha": 0.07519461677369581,
    "beta": 1.077249538781156e-05,
    "gamma": 0.9071359024579917,
    "P": 2,
    "C": 5
  },
  "co": {
    "beta_co": 0.0010886407395087202
  },
  "sgd": {
    "beta_sgd": 0.006635767803104704
  },
  "pg": {
    "lambda_reg": 0.001,
    "step_scale": 1.0,
    "use_fista": true,
    "use_backtracking": false,
    "max_iter": 500,
    "tol": 0.0001
  }
}