{
  "pp": {
    "r": 50,
    "q": 5,
    "rho": 0.006545631747279228,
    "mu_lambda": 0.7945694676169912
  },
  "pc": {
    "lambda_reg": 0.0009700747303443343,
    "alpha": 0.09931803176927893,
    "beta": 0.00011587283699923486,
    "gamma": 0.8695886935933722,
    "P": 2,
    "C": 5
  },
  "co": {
    "beta_co": 9.295745484558814e-06
  },
  "sgd": {
    "beta_sgd": 3.502239113248837e-06
  },
  "pg": {
    "lambda_reg": 0.001,
    "step_scale": 1.0,
    "use_fista": true,
    "use_backtracking": false,
    "max_iter": 500,
    "tol": 0.0001
  }
}