{
  "pp": {
    "r": 50,
    "q": 5,
    "rho": 3.174277601748855e-05,
    "mu_lambda": 0.6270527082311721
  },
  "pc": {
    "lambda_reg": 1.345685888000828e-05,
    "alpha": 2.837751474638863e-06,
    "beta": 0.0031671752668494995,
    "gamma": 0.8871964269458265,
    "P": 2,
    "C": 5
  },
  "co": {
    "beta_co": 0.02
  },
  "sgd": {
    "beta_sgd": 0.0269
  }
}