{
  "pp": {
    "r": 50,
    "q": 5,
    "rho": 7.52120621527907e-05,
    "mu_lambda": 0.9152673116331539
  },
  "pc": {
    "lambda_reg": 8.360384421043568e-05,
    "alpha": 0.0018874606852866602,
    "beta": 0.008172367105021394,
    "gamma": 0.853826351446774,
    "P": 1,
    "C": 2
  },
  "co": {
    "beta_co": 0.02837109202187384
  },
  "sgd": {
    "beta_sgd": 0.011727064304081982
  }
}