{
  "pp": {
    "r": 50,
    "q": 5,
    "rho": 0.041085788867673036,
    "mu_lambda": 0.0006433970831927271
  },
  "pc": {
    "lambda_reg": 1.1316736422415693e-05,
    "alpha": 0.000799784089647146,
    "beta": 0.13078014723875458,
    "gamma": 0.9954670880897194,
    "P": 1,
    "C": 1
  },
  "co": {
    "beta_co": 0.0006668868269081199
  },
  "sgd": {
    "beta_sgd": 0.0027472353494518036
  }
}