{
  "pp": {
    "r": 50,
    "q": 5,
    "rho": 2.004060627211442e-06,
    "mu_lambda": 0.6301804689950232
  },
  "pc": {
    "lambda_reg": 0.001954559606717682,
    "alpha": 0.0993519027955206,
    "beta": 0.00928877034286052,
    "gamma": 0.8610562459072659,
    "P": 2,
    "C": 5
  },
  "co": {
    "beta_co": 0.0016863477550416266
  },
  "sgd": {
    "beta_sgd": 0.0015081995709246225
  },
  "pg": {
    "lambda_reg": 0.001,
    "step_scale": 1.0,
    "use_fista": true,
    "use_backtracking": false,
    "max_iter": 500,
    "tol": 0.0001
  }
}