{
  "pp": {
    "r": 50,
    "q": 5,
    "rho": 0.001,
    "mu_lambda": 0.05
  },
  "pc": {
    "lambda_reg": 0.0008060913098418781,
    "alpha": 3.41302870413235e-06,
    "beta": 0.004604282493427594,
    "gamma": 0.8650175557511416,
    "P": 1,
    "C": 5
  },
  "co": {
    "beta_co": 0.02
  },
  "sgd": {
    "beta_sgd": 0.0269
  }
}