{
  "pp": {
    "r": 50,
    "q": 5,
    "rho": 4.536028078470279e-06,
    "mu_lambda": 0.7721972473684645
  },
  "pc": {
    "lambda_reg": 2.894594504608127e-05,
    "alpha": 0.08833920386800785,
    "beta": 0.0028708473537924655,
    "gamma": 0.8988953609205165,
    "P": 1,
    "C": 5
  },
  "co": {
    "beta_co": 0.015774355766774793
  },
  "sgd": {
    "beta_sgd": 0.0093117034534891
  },
  "pg": {
    "lambda_reg": 0.001,
    "step_scale": 1.0,
    "use_fista": true,
    "use_backtracking": false,
    "max_iter": 500,
    "tol": 0.0001
  }
}