{
  "pp": {
    "r": 50,
    "q": 5,
    "rho": 0.07589892961217744,
    "mu_lambda": 0.7400359116381398
  },
  "pc": {
    "lambda_reg": 0.0012831932087734612,
    "alpha": 0.002481951366930717,
    "beta": 0.001377093531821118,
    "gamma": 0.9455679942002774,
    "P": 2,
    "C": 5
  },
  "co": {
    "beta_co": 0.006240766404415327
  },
  "sgd": {
    "beta_sgd": 0.005345586135766252
  }
}